file_name;key_repr
xortool_out/000.out;\xf6\xb7\xaf\x82\xc4\xbdE\x10
xortool_out/001.out;\xf7\xb6\xae\x83\xc5\xbcD\x11
xortool_out/002.out;\xf4\xb5\xad\x80\xc6\xbfG\x12
xortool_out/003.out;\xf5\xb4\xac\x81\xc7\xbeF\x13
xortool_out/004.out;\xf2\xb3\xab\x86\xc0\xb9A\x14
xortool_out/005.out;\xf3\xb2\xaa\x87\xc1\xb8@\x15
xortool_out/006.out;\xf0\xb1\xa9\x84\xc2\xbbC\x16
xortool_out/007.out;\xf1\xb0\xa8\x85\xc3\xbaB\x17
xortool_out/008.out;\xfe\xbf\xa7\x8a\xcc\xb5M\x18
xortool_out/009.out;\xff\xbe\xa6\x8b\xcd\xb4L\x19
xortool_out/010.out;\xfc\xbd\xa5\x88\xce\xb7O\x1a
xortool_out/011.out;\xfd\xbc\xa4\x89\xcf\xb6N\x1b
xortool_out/012.out;\xfa\xbb\xa3\x8e\xc8\xb1I\x1c
xortool_out/013.out;\xfb\xba\xa2\x8f\xc9\xb0H\x1d
xortool_out/014.out;\xf8\xb9\xa1\x8c\xca\xb3K\x1e
xortool_out/015.out;\xf9\xb8\xa0\x8d\xcb\xb2J\x1f
xortool_out/016.out;\xe6\xa7\xbf\x92\xd4\xadU\x00
xortool_out/017.out;\xe7\xa6\xbe\x93\xd5\xacT\x01
xortool_out/018.out;\xe4\xa5\xbd\x90\xd6\xafW\x02
xortool_out/019.out;\xe5\xa4\xbc\x91\xd7\xaeV\x03
xortool_out/020.out;\xe2\xa3\xbb\x96\xd0\xa9Q\x04
xortool_out/021.out;\xe3\xa2\xba\x97\xd1\xa8P\x05
xortool_out/022.out;\xe0\xa1\xb9\x94\xd2\xabS\x06
xortool_out/023.out;\xe1\xa0\xb8\x95\xd3\xaaR\x07
xortool_out/024.out;\xee\xaf\xb7\x9a\xdc\xa5]\x08
xortool_out/025.out;\xef\xae\xb6\x9b\xdd\xa4\\\t
xortool_out/026.out;\xec\xad\xb5\x98\xde\xa7_\n
xortool_out/027.out;\xed\xac\xb4\x99\xdf\xa6^\x0b
xortool_out/028.out;\xea\xab\xb3\x9e\xd8\xa1Y\x0c
xortool_out/029.out;\xeb\xaa\xb2\x9f\xd9\xa0X\r
xortool_out/030.out;\xe8\xa9\xb1\x9c\xda\xa3[\x0e
xortool_out/031.out;\xe9\xa8\xb0\x9d\xdb\xa2Z\x0f
xortool_out/032.out;\xd6\x97\x8f\xa2\xe4\x9de0
xortool_out/033.out;\xd7\x96\x8e\xa3\xe5\x9cd1
xortool_out/034.out;\xd4\x95\x8d\xa0\xe6\x9fg2
xortool_out/035.out;\xd5\x94\x8c\xa1\xe7\x9ef3
xortool_out/036.out;\xd2\x93\x8b\xa6\xe0\x99a4
xortool_out/037.out;\xd3\x92\x8a\xa7\xe1\x98`5
xortool_out/038.out;\xd0\x91\x89\xa4\xe2\x9bc6
xortool_out/039.out;\xd1\x90\x88\xa5\xe3\x9ab7
xortool_out/040.out;\xde\x9f\x87\xaa\xec\x95m8
xortool_out/041.out;\xdf\x9e\x86\xab\xed\x94l9
xortool_out/042.out;\xdc\x9d\x85\xa8\xee\x97o:
xortool_out/043.out;\xdd\x9c\x84\xa9\xef\x96n;
xortool_out/044.out;\xda\x9b\x83\xae\xe8\x91i<
xortool_out/045.out;\xdb\x9a\x82\xaf\xe9\x90h=
xortool_out/046.out;\xd8\x99\x81\xac\xea\x93k>
xortool_out/047.out;\xd9\x98\x80\xad\xeb\x92j?
xortool_out/048.out;\xc6\x87\x9f\xb2\xf4\x8du 
xortool_out/049.out;\xc7\x86\x9e\xb3\xf5\x8ct!
xortool_out/050.out;\xc4\x85\x9d\xb0\xf6\x8fw"
xortool_out/051.out;\xc5\x84\x9c\xb1\xf7\x8ev#
xortool_out/052.out;\xc2\x83\x9b\xb6\xf0\x89q$
xortool_out/053.out;\xc3\x82\x9a\xb7\xf1\x88p%
xortool_out/054.out;\xc0\x81\x99\xb4\xf2\x8bs&
xortool_out/055.out;\xc1\x80\x98\xb5\xf3\x8ar'
xortool_out/056.out;\xce\x8f\x97\xba\xfc\x85}(
xortool_out/057.out;\xcf\x8e\x96\xbb\xfd\x84|)
xortool_out/058.out;\xcc\x8d\x95\xb8\xfe\x87\x7f*
xortool_out/059.out;\xcd\x8c\x94\xb9\xff\x86~+
xortool_out/060.out;\xca\x8b\x93\xbe\xf8\x81y,
xortool_out/061.out;\xcb\x8a\x92\xbf\xf9\x80x-
xortool_out/062.out;\xc8\x89\x91\xbc\xfa\x83{.
xortool_out/063.out;\xc9\x88\x90\xbd\xfb\x82z\x2f
xortool_out/064.out;\xb6\xf7\xef\xc2\x84\xfd\x05P
xortool_out/065.out;\xb7\xf6\xee\xc3\x85\xfc\x04Q
xortool_out/066.out;\xb4\xf5\xed\xc0\x86\xff\x07R
xortool_out/067.out;\xb5\xf4\xec\xc1\x87\xfe\x06S
xortool_out/068.out;\xb2\xf3\xeb\xc6\x80\xf9\x01T
xortool_out/069.out;\xb3\xf2\xea\xc7\x81\xf8\x00U
xortool_out/070.out;\xb0\xf1\xe9\xc4\x82\xfb\x03V
xortool_out/071.out;\xb1\xf0\xe8\xc5\x83\xfa\x02W
xortool_out/072.out;\xbe\xff\xe7\xca\x8c\xf5\rX
xortool_out/073.out;\xbf\xfe\xe6\xcb\x8d\xf4\x0cY
xortool_out/074.out;\xbc\xfd\xe5\xc8\x8e\xf7\x0fZ
xortool_out/075.out;\xbd\xfc\xe4\xc9\x8f\xf6\x0e[
xortool_out/076.out;\xba\xfb\xe3\xce\x88\xf1\t\\
xortool_out/077.out;\xbb\xfa\xe2\xcf\x89\xf0\x08]
xortool_out/078.out;\xb8\xf9\xe1\xcc\x8a\xf3\x0b^
xortool_out/079.out;\xb9\xf8\xe0\xcd\x8b\xf2\n_
xortool_out/080.out;\xa6\xe7\xff\xd2\x94\xed\x15@
xortool_out/081.out;\xa7\xe6\xfe\xd3\x95\xec\x14A
xortool_out/082.out;\xa4\xe5\xfd\xd0\x96\xef\x17B
xortool_out/083.out;\xa5\xe4\xfc\xd1\x97\xee\x16C
xortool_out/084.out;\xa2\xe3\xfb\xd6\x90\xe9\x11D
xortool_out/085.out;\xa3\xe2\xfa\xd7\x91\xe8\x10E
xortool_out/086.out;\xa0\xe1\xf9\xd4\x92\xeb\x13F
xortool_out/087.out;\xa1\xe0\xf8\xd5\x93\xea\x12G
xortool_out/088.out;\xae\xef\xf7\xda\x9c\xe5\x1dH
xortool_out/089.out;\xaf\xee\xf6\xdb\x9d\xe4\x1cI
xortool_out/090.out;\xac\xed\xf5\xd8\x9e\xe7\x1fJ
xortool_out/091.out;\xad\xec\xf4\xd9\x9f\xe6\x1eK
xortool_out/092.out;\xaa\xeb\xf3\xde\x98\xe1\x19L
xortool_out/093.out;\xab\xea\xf2\xdf\x99\xe0\x18M
xortool_out/094.out;\xa8\xe9\xf1\xdc\x9a\xe3\x1bN
xortool_out/095.out;\xa9\xe8\xf0\xdd\x9b\xe2\x1aO
xortool_out/096.out;\x96\xd7\xcf\xe2\xa4\xdd%p
xortool_out/097.out;\x97\xd6\xce\xe3\xa5\xdc$q
xortool_out/098.out;\x94\xd5\xcd\xe0\xa6\xdf'r
xortool_out/099.out;\x95\xd4\xcc\xe1\xa7\xde&s
xortool_out/100.out;\x92\xd3\xcb\xe6\xa0\xd9!t
xortool_out/101.out;\x93\xd2\xca\xe7\xa1\xd8 u
xortool_out/102.out;\x90\xd1\xc9\xe4\xa2\xdb#v
xortool_out/103.out;\x91\xd0\xc8\xe5\xa3\xda"w
xortool_out/104.out;\x9e\xdf\xc7\xea\xac\xd5-x
xortool_out/105.out;\x9f\xde\xc6\xeb\xad\xd4,y
xortool_out/106.out;\x9c\xdd\xc5\xe8\xae\xd7\x2fz
xortool_out/107.out;\x9d\xdc\xc4\xe9\xaf\xd6.{
xortool_out/108.out;\x9a\xdb\xc3\xee\xa8\xd1)|
xortool_out/109.out;\x9b\xda\xc2\xef\xa9\xd0(}
xortool_out/110.out;\x98\xd9\xc1\xec\xaa\xd3+~
xortool_out/111.out;\x99\xd8\xc0\xed\xab\xd2*\x7f
xortool_out/112.out;\x86\xc7\xdf\xf2\xb4\xcd5`
xortool_out/113.out;\x87\xc6\xde\xf3\xb5\xcc4a
xortool_out/114.out;\x84\xc5\xdd\xf0\xb6\xcf7b
xortool_out/115.out;\x85\xc4\xdc\xf1\xb7\xce6c
xortool_out/116.out;\x82\xc3\xdb\xf6\xb0\xc91d
xortool_out/117.out;\x83\xc2\xda\xf7\xb1\xc80e
xortool_out/118.out;\x80\xc1\xd9\xf4\xb2\xcb3f
xortool_out/119.out;\x81\xc0\xd8\xf5\xb3\xca2g
xortool_out/120.out;\x8e\xcf\xd7\xfa\xbc\xc5=h
xortool_out/121.out;\x8f\xce\xd6\xfb\xbd\xc4<i
xortool_out/122.out;\x8c\xcd\xd5\xf8\xbe\xc7?j
xortool_out/123.out;\x8d\xcc\xd4\xf9\xbf\xc6>k
xortool_out/124.out;\x8a\xcb\xd3\xfe\xb8\xc19l
xortool_out/125.out;\x8b\xca\xd2\xff\xb9\xc08m
xortool_out/126.out;\x88\xc9\xd1\xfc\xba\xc3;n
xortool_out/127.out;\x89\xc8\xd0\xfd\xbb\xc2:o
xortool_out/128.out;v7\x2f\x02D=\xc5\x90
xortool_out/129.out;w6.\x03E<\xc4\x91
xortool_out/130.out;t5-\x00F?\xc7\x92
xortool_out/131.out;u4,\x01G>\xc6\x93
xortool_out/132.out;r3+\x06@9\xc1\x94
xortool_out/133.out;s2*\x07A8\xc0\x95
xortool_out/134.out;p1)\x04B;\xc3\x96
xortool_out/135.out;q0(\x05C:\xc2\x97
xortool_out/136.out;~?'\nL5\xcd\x98
xortool_out/137.out;\x7f>&\x0bM4\xcc\x99
xortool_out/138.out;|=%\x08N7\xcf\x9a
xortool_out/139.out;}<$\tO6\xce\x9b
xortool_out/140.out;z;#\x0eH1\xc9\x9c
xortool_out/141.out;{:"\x0fI0\xc8\x9d
xortool_out/142.out;x9!\x0cJ3\xcb\x9e
xortool_out/143.out;y8 \rK2\xca\x9f
xortool_out/144.out;f'?\x12T-\xd5\x80
xortool_out/145.out;g&>\x13U,\xd4\x81
xortool_out/146.out;d%=\x10V\x2f\xd7\x82
xortool_out/147.out;e$<\x11W.\xd6\x83
xortool_out/148.out;b#;\x16P)\xd1\x84
xortool_out/149.out;c":\x17Q(\xd0\x85
xortool_out/150.out;`!9\x14R+\xd3\x86
xortool_out/151.out;a 8\x15S*\xd2\x87
xortool_out/152.out;n\x2f7\x1a\\%\xdd\x88
xortool_out/153.out;o.6\x1b]$\xdc\x89
xortool_out/154.out;l-5\x18^'\xdf\x8a
xortool_out/155.out;m,4\x19_&\xde\x8b
xortool_out/156.out;j+3\x1eX!\xd9\x8c
xortool_out/157.out;k*2\x1fY \xd8\x8d
xortool_out/158.out;h)1\x1cZ#\xdb\x8e
xortool_out/159.out;i(0\x1d["\xda\x8f
xortool_out/160.out;V\x17\x0f"d\x1d\xe5\xb0
xortool_out/161.out;W\x16\x0e#e\x1c\xe4\xb1
xortool_out/162.out;T\x15\r f\x1f\xe7\xb2
xortool_out/163.out;U\x14\x0c!g\x1e\xe6\xb3
xortool_out/164.out;R\x13\x0b&`\x19\xe1\xb4
xortool_out/165.out;S\x12\n'a\x18\xe0\xb5
xortool_out/166.out;P\x11\t$b\x1b\xe3\xb6
xortool_out/167.out;Q\x10\x08%c\x1a\xe2\xb7
xortool_out/168.out;^\x1f\x07*l\x15\xed\xb8
xortool_out/169.out;_\x1e\x06+m\x14\xec\xb9
xortool_out/170.out;\\\x1d\x05(n\x17\xef\xba
xortool_out/171.out;]\x1c\x04)o\x16\xee\xbb
xortool_out/172.out;Z\x1b\x03.h\x11\xe9\xbc
xortool_out/173.out;[\x1a\x02\x2fi\x10\xe8\xbd
xortool_out/174.out;X\x19\x01,j\x13\xeb\xbe
xortool_out/175.out;Y\x18\x00-k\x12\xea\xbf
xortool_out/176.out;F\x07\x1f2t\r\xf5\xa0
xortool_out/177.out;G\x06\x1e3u\x0c\xf4\xa1
xortool_out/178.out;D\x05\x1d0v\x0f\xf7\xa2
xortool_out/179.out;E\x04\x1c1w\x0e\xf6\xa3
xortool_out/180.out;B\x03\x1b6p\t\xf1\xa4
xortool_out/181.out;C\x02\x1a7q\x08\xf0\xa5
xortool_out/182.out;@\x01\x194r\x0b\xf3\xa6
xortool_out/183.out;A\x00\x185s\n\xf2\xa7
xortool_out/184.out;N\x0f\x17:|\x05\xfd\xa8
xortool_out/185.out;O\x0e\x16;}\x04\xfc\xa9
xortool_out/186.out;L\r\x158~\x07\xff\xaa
xortool_out/187.out;M\x0c\x149\x7f\x06\xfe\xab
xortool_out/188.out;J\x0b\x13>x\x01\xf9\xac
xortool_out/189.out;K\n\x12?y\x00\xf8\xad
xortool_out/190.out;H\t\x11<z\x03\xfb\xae
xortool_out/191.out;I\x08\x10={\x02\xfa\xaf
xortool_out/192.out;6woB\x04}\x85\xd0
xortool_out/193.out;7vnC\x05|\x84\xd1
xortool_out/194.out;4um@\x06\x7f\x87\xd2
xortool_out/195.out;5tlA\x07~\x86\xd3
xortool_out/196.out;2skF\x00y\x81\xd4
xortool_out/197.out;3rjG\x01x\x80\xd5
xortool_out/198.out;0qiD\x02{\x83\xd6
xortool_out/199.out;1phE\x03z\x82\xd7
xortool_out/200.out;>\x7fgJ\x0cu\x8d\xd8
xortool_out/201.out;?~fK\rt\x8c\xd9
xortool_out/202.out;<}eH\x0ew\x8f\xda
xortool_out/203.out;=|dI\x0fv\x8e\xdb
xortool_out/204.out;:{cN\x08q\x89\xdc
xortool_out/205.out;;zbO\tp\x88\xdd
xortool_out/206.out;8yaL\ns\x8b\xde
xortool_out/207.out;9x`M\x0br\x8a\xdf
xortool_out/208.out;&g\x7fR\x14m\x95\xc0
xortool_out/209.out;'f~S\x15l\x94\xc1
xortool_out/210.out;$e}P\x16o\x97\xc2
xortool_out/211.out;%d|Q\x17n\x96\xc3
xortool_out/212.out;"c{V\x10i\x91\xc4
xortool_out/213.out;#bzW\x11h\x90\xc5
xortool_out/214.out; ayT\x12k\x93\xc6
xortool_out/215.out;!`xU\x13j\x92\xc7
xortool_out/216.out;.owZ\x1ce\x9d\xc8
xortool_out/217.out;\x2fnv[\x1dd\x9c\xc9
xortool_out/218.out;,muX\x1eg\x9f\xca
xortool_out/219.out;-ltY\x1ff\x9e\xcb
xortool_out/220.out;*ks^\x18a\x99\xcc
xortool_out/221.out;+jr_\x19`\x98\xcd
xortool_out/222.out;(iq\\\x1ac\x9b\xce
xortool_out/223.out;)hp]\x1bb\x9a\xcf
xortool_out/224.out;\x16WOb$]\xa5\xf0
xortool_out/225.out;\x17VNc%\\\xa4\xf1
xortool_out/226.out;\x14UM`&_\xa7\xf2
xortool_out/227.out;\x15TLa'^\xa6\xf3
xortool_out/228.out;\x12SKf Y\xa1\xf4
xortool_out/229.out;\x13RJg!X\xa0\xf5
xortool_out/230.out;\x10QId"[\xa3\xf6
xortool_out/231.out;\x11PHe#Z\xa2\xf7
xortool_out/232.out;\x1e_Gj,U\xad\xf8
xortool_out/233.out;\x1f^Fk-T\xac\xf9
xortool_out/234.out;\x1c]Eh.W\xaf\xfa
xortool_out/235.out;\x1d\\Di\x2fV\xae\xfb
xortool_out/236.out;\x1a[Cn(Q\xa9\xfc
xortool_out/237.out;\x1bZBo)P\xa8\xfd
xortool_out/238.out;\x18YAl*S\xab\xfe
xortool_out/239.out;\x19X@m+R\xaa\xff
xortool_out/240.out;\x06G_r4M\xb5\xe0
xortool_out/241.out;\x07F^s5L\xb4\xe1
xortool_out/242.out;\x04E]p6O\xb7\xe2
xortool_out/243.out;\x05D\\q7N\xb6\xe3
xortool_out/244.out;\x02C[v0I\xb1\xe4
xortool_out/245.out;\x03BZw1H\xb0\xe5
xortool_out/246.out;\x00AYt2K\xb3\xe6
xortool_out/247.out;\x01@Xu3J\xb2\xe7
xortool_out/248.out;\x0eOWz<E\xbd\xe8
xortool_out/249.out;\x0fNV{=D\xbc\xe9
xortool_out/250.out;\x0cMUx>G\xbf\xea
xortool_out/251.out;\rLTy?F\xbe\xeb
xortool_out/252.out;\nKS~8A\xb9\xec
xortool_out/253.out;\x0bJR\x7f9@\xb8\xed
xortool_out/254.out;\x08IQ|:C\xbb\xee
xortool_out/255.out;\tHP};B\xba\xef
